prolificPID,movieTitle,liked,created_at
5c8fe91371f3100016181dfd,The Lord of the Rings: The Return of the King,TRUE,2023-06-13T20:12:18Z
5c8fe91371f3100016181dfd,Alien,TRUE,2023-06-13T20:12:18Z
5c8fe91371f3100016181dfd,Goodfellas,TRUE,2023-06-13T20:12:18Z
5c8fe91371f3100016181dfd,Prometheus,FALSE,2023-06-13T20:12:18Z
5c8fe91371f3100016181dfd,Alien: Covenant,FALSE,2023-06-13T20:12:18Z
5c8fe91371f3100016181dfd,Avatar,FALSE,2023-06-13T20:12:18Z
60e30e4e37884055cdbfbf39,Tune in for Love,TRUE,2023-06-13T20:12:47Z
60e30e4e37884055cdbfbf39,Your Name Engraved Herein,TRUE,2023-06-13T20:12:47Z
60e30e4e37884055cdbfbf39,Her,TRUE,2023-06-13T20:12:47Z
60e30e4e37884055cdbfbf39,Eli,FALSE,2023-06-13T20:12:47Z
60e30e4e37884055cdbfbf39,Twilight,FALSE,2023-06-13T20:12:47Z
60e30e4e37884055cdbfbf39,Midnight in Paris,FALSE,2023-06-13T20:12:47Z
5e8212f00b53c392ed9fb619,Amélie,TRUE,2023-06-13T20:12:49Z
5e8212f00b53c392ed9fb619,Little Miss Sunshine,TRUE,2023-06-13T20:12:49Z
5e8212f00b53c392ed9fb619,The Greatest Showman,TRUE,2023-06-13T20:12:49Z
5e8212f00b53c392ed9fb619,Spirit: Stallion of the Cimarron,FALSE,2023-06-13T20:12:49Z
5e8212f00b53c392ed9fb619,Tre metri sopra il cielo,FALSE,2023-06-13T20:12:49Z
5e8212f00b53c392ed9fb619,Natale sul Nilo,FALSE,2023-06-13T20:12:49Z
602c11c29029ff46f065703d,Fight Club,TRUE,2023-06-13T20:13:54Z
602c11c29029ff46f065703d,Mad Max: Fury Road,TRUE,2023-06-13T20:13:54Z
602c11c29029ff46f065703d,John Wick,TRUE,2023-06-13T20:13:54Z
602c11c29029ff46f065703d,Fantastic Four,FALSE,2023-06-13T20:13:54Z
602c11c29029ff46f065703d,Cats,FALSE,2023-06-13T20:13:54Z
602c11c29029ff46f065703d,The Cat in the Hat,FALSE,2023-06-13T20:13:54Z
614ef63373aaba7d1af498d3,The Help,TRUE,2023-06-13T20:14:04Z
614ef63373aaba7d1af498d3,Now You See Me 2: You Can't Look Away,TRUE,2023-06-13T20:14:04Z
614ef63373aaba7d1af498d3,Mad Buddies,TRUE,2023-06-13T20:14:04Z
614ef63373aaba7d1af498d3,The Contractor,FALSE,2023-06-13T20:14:04Z
614ef63373aaba7d1af498d3,Suicide Squad: Hell to Pay,FALSE,2023-06-13T20:14:04Z
614ef63373aaba7d1af498d3,Half a Dozen Babies,FALSE,2023-06-13T20:14:04Z
5c522508fcbef20001939a03,"10,000 BC",TRUE,2023-06-13T20:14:47Z
5c522508fcbef20001939a03,Addams Family Values,TRUE,2023-06-13T20:14:47Z
5c522508fcbef20001939a03,Coco,TRUE,2023-06-13T20:14:47Z
5c522508fcbef20001939a03,Zoom,FALSE,2023-06-13T20:14:47Z
5c522508fcbef20001939a03,Norbit,FALSE,2023-06-13T20:14:47Z
5c522508fcbef20001939a03,Scary Movie 3,FALSE,2023-06-13T20:14:47Z
60fb1b68ff87fb94e0e721f6,What Happened to Monday,TRUE,2023-06-13T20:15:17Z
60fb1b68ff87fb94e0e721f6,The Fast and the Furious: Tokyo Drift,TRUE,2023-06-13T20:15:17Z
60fb1b68ff87fb94e0e721f6,Rio,TRUE,2023-06-13T20:15:17Z
60fb1b68ff87fb94e0e721f6,Star Wars: Episode I - The Phantom Menace,FALSE,2023-06-13T20:15:17Z
60fb1b68ff87fb94e0e721f6,Charlie and the Chocolate Factory,FALSE,2023-06-13T20:15:17Z
60fb1b68ff87fb94e0e721f6,Mean Girls,FALSE,2023-06-13T20:15:17Z
5f80019b6fa0e01d53854006,The Godfather,TRUE,2023-06-13T20:15:39Z
5f80019b6fa0e01d53854006,The Wolf of Wall Street,TRUE,2023-06-13T20:15:39Z
5f80019b6fa0e01d53854006,Inception,TRUE,2023-06-13T20:15:39Z
5f80019b6fa0e01d53854006,Whiplash,FALSE,2023-06-13T20:15:39Z
5f80019b6fa0e01d53854006,Planeta Singli 2,FALSE,2023-06-13T20:15:39Z
5f80019b6fa0e01d53854006,Bad Boy,FALSE,2023-06-13T20:15:39Z
5c48734767be2c0001074eb6,The Lord of the Rings: The Fellowship of the Ring,TRUE,2023-06-13T20:16:07Z
5c48734767be2c0001074eb6,The Lord of the Rings: The Return of the King,TRUE,2023-06-13T20:16:07Z
5c48734767be2c0001074eb6,The Lord of the Rings: The Two Towers,TRUE,2023-06-13T20:16:07Z
5c48734767be2c0001074eb6,Lord of War,FALSE,2023-06-13T20:16:07Z
5c48734767be2c0001074eb6,Bloody Pit of Horror,FALSE,2023-06-13T20:16:07Z
5c48734767be2c0001074eb6,Christina Aguilera: Ven conmigo - Solamente tú,FALSE,2023-06-13T20:16:07Z
614de004f576a3cff5f8dcd1,Moana,TRUE,2023-06-13T20:17:35Z
614de004f576a3cff5f8dcd1,Lucy,TRUE,2023-06-13T20:17:35Z
614de004f576a3cff5f8dcd1,Shrek,TRUE,2023-06-13T20:17:35Z
614de004f576a3cff5f8dcd1,Fifty Shades of Black,FALSE,2023-06-13T20:17:35Z
614de004f576a3cff5f8dcd1,365 Days,FALSE,2023-06-13T20:17:35Z
614de004f576a3cff5f8dcd1,Ghostbusters,FALSE,2023-06-13T20:17:35Z
61254c5a6facc8ed023a64de,The Godfather,TRUE,2023-06-08T12:17:17Z
61254c5a6facc8ed023a64de,The Shawshank Redemption,TRUE,2023-06-08T12:17:17Z
61254c5a6facc8ed023a64de,Catch Me If You Can,TRUE,2023-06-08T12:17:17Z
61254c5a6facc8ed023a64de,Pulp Fiction,FALSE,2023-06-08T12:17:17Z
61254c5a6facc8ed023a64de,2001: A Space Odyssey,FALSE,2023-06-08T12:17:17Z
61254c5a6facc8ed023a64de,Zardoz,FALSE,2023-06-08T12:17:17Z
61669e4582549043d66bdd78,Outbreak,TRUE,2023-06-08T12:19:10Z
61669e4582549043d66bdd78,John Wick,TRUE,2023-06-08T12:19:10Z
61669e4582549043d66bdd78,A Time to Kill,TRUE,2023-06-08T12:19:10Z
61669e4582549043d66bdd78,American Pie,FALSE,2023-06-08T12:19:10Z
61669e4582549043d66bdd78,Faith Like Potatoes,FALSE,2023-06-08T12:19:10Z
61669e4582549043d66bdd78,The Matrix Reloaded,FALSE,2023-06-08T12:19:10Z
60dc9556508486e19fc42546,The Italian Job,TRUE,2023-06-08T12:21:28Z
60dc9556508486e19fc42546,The Avengers,TRUE,2023-06-08T12:21:28Z
60dc9556508486e19fc42546,The Big Short,TRUE,2023-06-08T12:21:28Z
60dc9556508486e19fc42546,Training Day,FALSE,2023-06-08T12:21:28Z
60dc9556508486e19fc42546,I Am Legend,FALSE,2023-06-08T12:21:28Z
60dc9556508486e19fc42546,Bright,FALSE,2023-06-08T12:21:28Z
6120b4fca2fedeb88787374c,The Help,TRUE,2023-06-08T12:22:33Z
6120b4fca2fedeb88787374c,Me Before You,TRUE,2023-06-08T12:22:33Z
6120b4fca2fedeb88787374c,Taken 2,TRUE,2023-06-08T12:22:33Z
6120b4fca2fedeb88787374c,Fast & Furious Presents: Hobbs & Shaw,FALSE,2023-06-08T12:22:33Z
6120b4fca2fedeb88787374c,Jumping the Broom,FALSE,2023-06-08T12:22:33Z
6120b4fca2fedeb88787374c,The King's Case Note,FALSE,2023-06-08T12:22:33Z
6139d11e12004b36e50206d1,Dreamgirls,TRUE,2023-06-08T12:29:44Z
6139d11e12004b36e50206d1,Divergent,TRUE,2023-06-08T12:29:44Z
6139d11e12004b36e50206d1,Avengers: Endgame,TRUE,2023-06-08T12:29:44Z
6139d11e12004b36e50206d1,Avatar,FALSE,2023-06-08T12:29:44Z
6139d11e12004b36e50206d1,Avatar: The Last Airbender - The Legend So Far,FALSE,2023-06-08T12:29:49Z
6139d11e12004b36e50206d1,MeUndies x StarWars: The Force,FALSE,2023-06-08T12:29:58Z
5cd5419ba9a8c40019639382,Moulin Rouge!,TRUE,2023-06-12T07:16:21Z
63d3f9beaad133b63033f4b0,The Wolf of Wall Street,TRUE,2023-06-12T07:16:21Z
5cd5419ba9a8c40019639382,My Own Private Idaho,TRUE,2023-06-12T07:16:21Z
5cd5419ba9a8c40019639382,The Grand Budapest Hotel,TRUE,2023-06-12T07:16:21Z
5cd5419ba9a8c40019639382,Star Wars: Episode VIII - The Last Jedi,FALSE,2023-06-12T07:16:21Z
63d3f9beaad133b63033f4b0,The Shawshank Redemption,TRUE,2023-06-12T07:16:21Z
63d3f9beaad133b63033f4b0,The Fast and the Furious,TRUE,2023-06-12T07:16:21Z
5cd5419ba9a8c40019639382,Million Dollar Baby,FALSE,2023-06-12T07:16:21Z
5cd5419ba9a8c40019639382,Iron Man,FALSE,2023-06-12T07:16:21Z
63d3f9beaad133b63033f4b0,Avatar,FALSE,2023-06-12T07:16:21Z
63d3f9beaad133b63033f4b0,Shrek,FALSE,2023-06-12T07:16:21Z
63d3f9beaad133b63033f4b0,Shrek 2,FALSE,2023-06-12T07:16:21Z
59bda1adab8d830001fe5e4b,The Fast and the Furious,TRUE,2023-06-13T20:09:09Z
59bda1adab8d830001fe5e4b,John Wick: Chapter 3 - Parabellum,TRUE,2023-06-13T20:09:10Z
59bda1adab8d830001fe5e4b,Star Wars: Episode I - The Phantom Menace,TRUE,2023-06-13T20:09:10Z
59bda1adab8d830001fe5e4b,Spider-Man: Homecoming,FALSE,2023-06-13T20:09:12Z
59bda1adab8d830001fe5e4b,Batman Begins,FALSE,2023-06-13T20:09:14Z
59bda1adab8d830001fe5e4b,Saving Private Ryan,FALSE,2023-06-13T20:09:21Z
5e739143d4934a023004b7fc,The Lord of the Rings: The Return of the King,TRUE,2023-06-13T20:09:38Z
5e739143d4934a023004b7fc,Shutter Island,TRUE,2023-06-13T20:09:38Z
5e739143d4934a023004b7fc,Gladiator,TRUE,2023-06-13T20:09:38Z
5e739143d4934a023004b7fc,Eragon,FALSE,2023-06-13T20:09:38Z
5e739143d4934a023004b7fc,Star Wars: Episode III - Revenge of the Sith,FALSE,2023-06-13T20:09:38Z
5e739143d4934a023004b7fc,The Hobbit: The Battle of the Five Armies,FALSE,2023-06-13T20:09:38Z
5f90c1832cf6481b25307b46,Neon Genesis Evangelion: The End of Evangelion,TRUE,2023-06-13T20:09:40Z
5f90c1832cf6481b25307b46,The Face of Another,TRUE,2023-06-13T20:09:40Z
5f90c1832cf6481b25307b46,Spider-Man: Into the Spider-Verse,TRUE,2023-06-13T20:09:40Z
5f90c1832cf6481b25307b46,The Lord of the Rings: The Fellowship of the Ring,FALSE,2023-06-13T20:09:40Z
5f90c1832cf6481b25307b46,Harry Potter and the Sorcerer's Stone,FALSE,2023-06-13T20:09:40Z
5f90c1832cf6481b25307b46,Mama Mia!: Becoming a Singer,FALSE,2023-06-13T20:09:40Z
61076ea4d11798351e01d677,About Time,TRUE,2023-06-13T20:10:24Z
61076ea4d11798351e01d677,Matilda,TRUE,2023-06-13T20:10:26Z
61076ea4d11798351e01d677,Bohemian Rhapsody,TRUE,2023-06-13T20:10:27Z
61076ea4d11798351e01d677,Rango,FALSE,2023-06-13T20:10:28Z
61076ea4d11798351e01d677,The Kissing Booth,FALSE,2023-06-13T20:10:28Z
61076ea4d11798351e01d677,After,FALSE,2023-06-13T20:10:28Z
642b9e0da2054656ac9592d2,Harry Potter and the Goblet of Fire,TRUE,2023-06-13T20:10:32Z
642b9e0da2054656ac9592d2,Inception,TRUE,2023-06-13T20:10:32Z
642b9e0da2054656ac9592d2,Johan Cruijff - En un momento dado,TRUE,2023-06-13T20:10:32Z
642b9e0da2054656ac9592d2,Doctor Strange,FALSE,2023-06-13T20:10:32Z
642b9e0da2054656ac9592d2,IMAX® Presents: Ant-Man and the Wasp,FALSE,2023-06-13T20:10:32Z
642b9e0da2054656ac9592d2,Titanic,FALSE,2023-06-13T20:10:32Z
5cbfa7b957cb1b0001698a35,The Princess Bride,TRUE,2023-06-13T20:10:41Z
5cbfa7b957cb1b0001698a35,The Grand Budapest Hotel,TRUE,2023-06-13T20:10:41Z
5cbfa7b957cb1b0001698a35,Little Women,TRUE,2023-06-13T20:10:41Z
5cbfa7b957cb1b0001698a35,The Future,FALSE,2023-06-13T20:10:41Z
5cbfa7b957cb1b0001698a35,The Martian,FALSE,2023-06-13T20:10:41Z
5cbfa7b957cb1b0001698a35,The Avengers,FALSE,2023-06-13T20:10:41Z
5d824f2260823800018471c7,Fight Club,TRUE,2023-06-13T20:10:57Z
5d824f2260823800018471c7,Drive,TRUE,2023-06-13T20:10:57Z
5d824f2260823800018471c7,The Wolf of Wall Street,TRUE,2023-06-13T20:10:57Z
5d824f2260823800018471c7,Titanic,FALSE,2023-06-13T20:10:57Z
5d824f2260823800018471c7,Titanic II,FALSE,2023-06-13T20:10:57Z
5d824f2260823800018471c7,The Fast and the Furious,FALSE,2023-06-13T20:10:57Z
5edc3d681a69d49159555f91,Gone Girl,TRUE,2023-06-13T20:11:32Z
5edc3d681a69d49159555f91,Parasite,TRUE,2023-06-13T20:11:32Z
5edc3d681a69d49159555f91,Pride & Prejudice,TRUE,2023-06-13T20:11:33Z
5edc3d681a69d49159555f91,Bohemian Rhapsody,FALSE,2023-06-13T20:11:33Z
5edc3d681a69d49159555f91,Call Me by Your Name,FALSE,2023-06-13T20:11:33Z
5edc3d681a69d49159555f91,The Greatest Showman,FALSE,2023-06-13T20:11:33Z
6141566319dbb6998ac9cb21,La La Land,TRUE,2023-06-13T20:11:37Z
6141566319dbb6998ac9cb21,Good Will Hunting,TRUE,2023-06-13T20:11:37Z
6141566319dbb6998ac9cb21,Shrek,TRUE,2023-06-13T20:11:37Z
6141566319dbb6998ac9cb21,The Ring,FALSE,2023-06-13T20:11:37Z
6141566319dbb6998ac9cb21,Twilight,FALSE,2023-06-13T20:11:37Z
6141566319dbb6998ac9cb21,The Twilight Saga: New Moon,FALSE,2023-06-13T20:11:37Z
5eef7da8a4868b05c902ef2d,Eternal Sunshine of the Spotless Mind,TRUE,2023-06-14T14:26:44Z
5eef7da8a4868b05c902ef2d,What Ever Happened to Baby Jane?,TRUE,2023-06-14T14:26:44Z
5eef7da8a4868b05c902ef2d,Joker,TRUE,2023-06-14T14:26:44Z
5eef7da8a4868b05c902ef2d,Miracle in Cell No. 7,FALSE,2023-06-14T14:26:44Z
5eef7da8a4868b05c902ef2d,Titanic,FALSE,2023-06-14T14:26:44Z
5eef7da8a4868b05c902ef2d,High School Musical,FALSE,2023-06-14T14:26:44Z
632c3c38b5c143718e869a30,Paddington 2,TRUE,2023-06-14T14:27:12Z
632c3c38b5c143718e869a30,10 Things I Hate About You,TRUE,2023-06-14T14:27:12Z
632c3c38b5c143718e869a30,Lady Bird,TRUE,2023-06-14T14:27:12Z
632c3c38b5c143718e869a30,The Godfather,FALSE,2023-06-14T14:27:12Z
632c3c38b5c143718e869a30,Ghostbusters,FALSE,2023-06-14T14:27:12Z
632c3c38b5c143718e869a30,Tenet,FALSE,2023-06-14T14:27:12Z
5f733312e59fd2000a74b8cf,Bad Boy Bubby,TRUE,2023-06-14T14:27:41Z
5f733312e59fd2000a74b8cf,Suspiria,TRUE,2023-06-14T14:27:41Z
5f733312e59fd2000a74b8cf,Angst,TRUE,2023-06-14T14:27:41Z
5f733312e59fd2000a74b8cf,Need for Speed,FALSE,2023-06-14T14:27:41Z
5f733312e59fd2000a74b8cf,Captain Marvel,FALSE,2023-06-14T14:27:41Z
5f733312e59fd2000a74b8cf,Avengers: Endgame,FALSE,2023-06-14T14:27:41Z
60fcacf3513b15a2eefe3245,Portrait of a Lady on Fire,TRUE,2023-06-14T14:28:23Z
60fcacf3513b15a2eefe3245,In the Mood for Love,TRUE,2023-06-14T14:28:23Z
60fcacf3513b15a2eefe3245,West Side Story,TRUE,2023-06-14T14:28:23Z
60fcacf3513b15a2eefe3245,After,FALSE,2023-06-14T14:28:23Z
60fcacf3513b15a2eefe3245,Saw,FALSE,2023-06-14T14:28:23Z
60fcacf3513b15a2eefe3245,Hillbilly Elegy,FALSE,2023-06-14T14:28:23Z
61716480d6da1714ff60ed0d,Raising Arizona,TRUE,2023-06-14T14:28:55Z
61716480d6da1714ff60ed0d,Captain America: The Winter Soldier,TRUE,2023-06-14T14:28:56Z
61716480d6da1714ff60ed0d,Knives Out,TRUE,2023-06-14T14:28:56Z
61716480d6da1714ff60ed0d,Blade Runner,FALSE,2023-06-14T14:28:56Z
61716480d6da1714ff60ed0d,Mandy,FALSE,2023-06-14T14:28:56Z
61716480d6da1714ff60ed0d,Planet Terror,FALSE,2023-06-14T14:28:56Z
611d165f95da360d1b0793f6,Titanic,TRUE,2023-06-14T14:29:39Z
611d165f95da360d1b0793f6,The Notebook,TRUE,2023-06-14T14:29:39Z
611d165f95da360d1b0793f6,The Shawshank Redemption,TRUE,2023-06-14T14:29:39Z
611d165f95da360d1b0793f6,The Silence of the Lambs,FALSE,2023-06-14T14:29:39Z
611d165f95da360d1b0793f6,Focus,FALSE,2023-06-14T14:29:39Z
611d165f95da360d1b0793f6,The Fast and the Furious: Tokyo Drift,FALSE,2023-06-14T14:29:39Z
6175558c4e6bef1212f45811,Back to the Future,TRUE,2023-06-14T14:31:31Z
6175558c4e6bef1212f45811,Back to the Future Part II,TRUE,2023-06-14T14:31:35Z
6175558c4e6bef1212f45811,Inception,TRUE,2023-06-14T14:31:35Z
6175558c4e6bef1212f45811,The Last Airbender,FALSE,2023-06-14T14:31:35Z
6175558c4e6bef1212f45811,The Mummy: Tomb of the Dragon Emperor,FALSE,2023-06-14T14:31:35Z
6175558c4e6bef1212f45811,Selfie from Hell,FALSE,2023-06-14T14:31:35Z
615fe1aaa6cb24b63199aa82,2 Fast 2 Furious,TRUE,2023-06-14T14:31:59Z
615fe1aaa6cb24b63199aa82,Avengers: Infinity War,TRUE,2023-06-14T14:31:59Z
615fe1aaa6cb24b63199aa82,World War Z,TRUE,2023-06-14T14:31:59Z
615fe1aaa6cb24b63199aa82,Scary or Die,FALSE,2023-06-14T14:31:59Z
615fe1aaa6cb24b63199aa82,Scary Hair,FALSE,2023-06-14T14:31:59Z
615fe1aaa6cb24b63199aa82,Catherine Tate's Nan,FALSE,2023-06-14T14:31:59Z
610998862cd55208600bbf79,Lara Croft: Tomb Raider - The Cradle of Life,TRUE,2023-06-14T14:32:06Z
610998862cd55208600bbf79,Avatar,TRUE,2023-06-14T14:32:06Z
610998862cd55208600bbf79,Ice Age,TRUE,2023-06-14T14:32:06Z
610998862cd55208600bbf79,Fast & Furious 6,FALSE,2023-06-14T14:32:06Z
610998862cd55208600bbf79,Anaconda,FALSE,2023-06-14T14:32:06Z
610998862cd55208600bbf79,White House Down,FALSE,2023-06-14T14:32:06Z
608539cd54e4230bbaaf4959,Titanic,TRUE,2023-06-14T14:32:28Z
608539cd54e4230bbaaf4959,Lion,TRUE,2023-06-14T14:32:28Z
608539cd54e4230bbaaf4959,Troy,TRUE,2023-06-14T14:32:28Z
608539cd54e4230bbaaf4959,The Book Thief,FALSE,2023-06-14T14:32:28Z
608539cd54e4230bbaaf4959,After,FALSE,2023-06-14T14:32:28Z
608539cd54e4230bbaaf4959,Solo,FALSE,2023-06-14T14:32:28Z
6112c691afb389bfa5af502c,I Am Legend,TRUE,2023-06-14T14:32:29Z
6112c691afb389bfa5af502c,Hitch,TRUE,2023-06-14T14:32:29Z
6112c691afb389bfa5af502c,Saw,TRUE,2023-06-14T14:32:29Z
6112c691afb389bfa5af502c,Fast & Furious Presents: Hobbs & Shaw,FALSE,2023-06-14T14:32:29Z
6112c691afb389bfa5af502c,A Madea Family Funeral,FALSE,2023-06-14T14:32:29Z
6112c691afb389bfa5af502c,"I Love You, Man",FALSE,2023-06-14T14:32:29Z
61140c5d473d2bf05a58d3ed,Deadpool,TRUE,2023-06-14T14:32:33Z
61140c5d473d2bf05a58d3ed,Ted,TRUE,2023-06-14T14:32:33Z
61140c5d473d2bf05a58d3ed,Star Wars: Episode V - The Empire Strikes Back,TRUE,2023-06-14T14:32:33Z
61140c5d473d2bf05a58d3ed,Fast & Furious Presents: Hobbs & Shaw,FALSE,2023-06-14T14:32:33Z
61140c5d473d2bf05a58d3ed,Star Wars: Episode VII - The Force Awakens,FALSE,2023-06-14T14:32:33Z
61140c5d473d2bf05a58d3ed,Avatar,FALSE,2023-06-14T14:32:33Z
60fd6beec09d68cd019bcffb,Interstellar,TRUE,2023-06-14T14:33:20Z
60fd6beec09d68cd019bcffb,'Pride and Prejudice': The Making of...,TRUE,2023-06-14T14:33:27Z
60f09e8d836fb8fd1e90a271,Green Book,TRUE,2023-06-14T14:33:28Z
60fd6beec09d68cd019bcffb,Schindler: The Real Story,TRUE,2023-06-14T14:33:29Z
60f09e8d836fb8fd1e90a271,20th Century Women,TRUE,2023-06-14T14:33:29Z
60fd6beec09d68cd019bcffb,Sharknado,FALSE,2023-06-14T14:33:29Z
60f09e8d836fb8fd1e90a271,Spider-Man: Homecoming,TRUE,2023-06-14T14:33:29Z
60fd6beec09d68cd019bcffb,The Room,FALSE,2023-06-14T14:33:29Z
60f09e8d836fb8fd1e90a271,Despicable Me: Minion Madness,FALSE,2023-06-14T14:33:29Z
60fd6beec09d68cd019bcffb,After,FALSE,2023-06-14T14:33:29Z
60f09e8d836fb8fd1e90a271,The Emoji Movie,FALSE,2023-06-14T14:33:29Z
60f09e8d836fb8fd1e90a271,Avatar,FALSE,2023-06-14T14:33:29Z
5f7a155c6c029a66173d02b8,Star Wars: Episode III - Revenge of the Sith,TRUE,2023-06-14T14:33:32Z
5f7a155c6c029a66173d02b8,Grease,TRUE,2023-06-14T14:33:32Z
5f7a155c6c029a66173d02b8,Love Actually,TRUE,2023-06-14T14:33:32Z
5f7a155c6c029a66173d02b8,Drag Me to Hell,FALSE,2023-06-14T14:33:32Z
5f7a155c6c029a66173d02b8,Ghost Rider,FALSE,2023-06-14T14:33:32Z
5f7a155c6c029a66173d02b8,Kung Fu Panda,FALSE,2023-06-14T14:33:32Z
6159f4d629a0ba3faf6b3ce7,Fast & Furious 6,TRUE,2023-06-14T14:33:36Z
6159f4d629a0ba3faf6b3ce7,John Wick: Chapter 3 - Parabellum,TRUE,2023-06-14T14:33:36Z
6159f4d629a0ba3faf6b3ce7,Creed,TRUE,2023-06-14T14:33:36Z
6159f4d629a0ba3faf6b3ce7,Batman v Superman: Dawn of Justice,FALSE,2023-06-14T14:33:36Z
6159f4d629a0ba3faf6b3ce7,Iron Man 3,FALSE,2023-06-14T14:33:36Z
6159f4d629a0ba3faf6b3ce7,X-Men: First Class,FALSE,2023-06-14T14:33:36Z
5f8568d460bd670009af15a2,John Wick,TRUE,2023-06-14T14:36:09Z
5f8568d460bd670009af15a2,The Matrix,TRUE,2023-06-14T14:36:09Z
5f8568d460bd670009af15a2,Eternal Sunshine of the Spotless Mind,TRUE,2023-06-14T14:36:09Z
5f8568d460bd670009af15a2,Space Jam,FALSE,2023-06-14T14:36:09Z
5f8568d460bd670009af15a2,The Rock,FALSE,2023-06-14T14:36:09Z
5f8568d460bd670009af15a2,Noble,FALSE,2023-06-14T14:36:09Z
60d22f0c3f3c7c4e308f80b3,The Aristocats,TRUE,2023-06-14T14:37:09Z
60d22f0c3f3c7c4e308f80b3,Pride & Prejudice,TRUE,2023-06-14T14:37:09Z
60d22f0c3f3c7c4e308f80b3,The Lobster,TRUE,2023-06-14T14:37:09Z
60d22f0c3f3c7c4e308f80b3,Annabelle,FALSE,2023-06-14T14:37:09Z
60d22f0c3f3c7c4e308f80b3,The Host,FALSE,2023-06-14T14:37:09Z
60d22f0c3f3c7c4e308f80b3,The Perfect Dictatorship,FALSE,2023-06-14T14:37:09Z
5e73746e686c0c2c978392e1,Thelma & Louise,TRUE,2023-06-14T14:37:51Z
5e73746e686c0c2c978392e1,Charlie's Angels,TRUE,2023-06-14T14:37:51Z
5e73746e686c0c2c978392e1,Terminator 2: Judgment Day,TRUE,2023-06-14T14:37:51Z
5e73746e686c0c2c978392e1,Scary Movie,FALSE,2023-06-14T14:37:51Z
5e73746e686c0c2c978392e1,Scream,FALSE,2023-06-14T14:37:51Z
5e73746e686c0c2c978392e1,Friday the 13th,FALSE,2023-06-14T14:37:51Z
60bc1812a1fac5ed1b9e3689,The Twilight Saga: Eclipse,TRUE,2023-06-14T14:37:52Z
60bc1812a1fac5ed1b9e3689,Stomp the Yard,TRUE,2023-06-14T14:37:52Z
60bc1812a1fac5ed1b9e3689,Léon: The Professional,TRUE,2023-06-14T14:37:52Z
60bc1812a1fac5ed1b9e3689,Tears of the Sun,FALSE,2023-06-14T14:37:52Z
60bc1812a1fac5ed1b9e3689,Ninja Eliminator 3: Guardian of the Dragon Medallion,FALSE,2023-06-14T14:37:52Z
60bc1812a1fac5ed1b9e3689,Star Wars: Episode IV - A New Hope,FALSE,2023-06-14T14:37:52Z
5e39779a3b965917f3f377d0,Whiplash,TRUE,2023-06-14T14:37:55Z
5e39779a3b965917f3f377d0,The Lord of the Rings: The Fellowship of the Ring,TRUE,2023-06-14T14:37:55Z
5e39779a3b965917f3f377d0,Shutter Island,TRUE,2023-06-14T14:37:55Z
5e39779a3b965917f3f377d0,Avatar,FALSE,2023-06-14T14:37:55Z
5e39779a3b965917f3f377d0,Life of Pi,FALSE,2023-06-14T14:37:55Z
5e39779a3b965917f3f377d0,Grown Ups 2,FALSE,2023-06-14T14:37:55Z
6310baec544dd9092053f5dc,Ghost in the Shell,TRUE,2023-06-14T14:59:06Z
6310baec544dd9092053f5dc,Inception,TRUE,2023-06-14T14:59:06Z
6310baec544dd9092053f5dc,Rushmore,TRUE,2023-06-14T14:59:06Z
6310baec544dd9092053f5dc,About Time,FALSE,2023-06-14T14:59:06Z
6310baec544dd9092053f5dc,That Awkward Moment,FALSE,2023-06-14T14:59:06Z
6310baec544dd9092053f5dc,Naked,FALSE,2023-06-14T14:59:06Z
5e7f2dbd2b1f09000aaa2449,The Social Network,TRUE,2023-06-14T14:59:48Z
5e7f2dbd2b1f09000aaa2449,Magnolia,TRUE,2023-06-14T14:59:48Z
5e7f2dbd2b1f09000aaa2449,12 Angry Men,TRUE,2023-06-14T14:59:48Z
5e7f2dbd2b1f09000aaa2449,The Avengers,FALSE,2023-06-14T14:59:48Z
5e7f2dbd2b1f09000aaa2449,Suicide Squad,FALSE,2023-06-14T14:59:48Z
5e7f2dbd2b1f09000aaa2449,The English Patient,FALSE,2023-06-14T14:59:48Z
613233f2952e67a47f51db87,The Pianist,TRUE,2023-06-14T15:01:03Z
613233f2952e67a47f51db87,A Beautiful Mind,TRUE,2023-06-14T15:01:03Z
613233f2952e67a47f51db87,Troy,TRUE,2023-06-14T15:01:04Z
613233f2952e67a47f51db87,The Color Purple,FALSE,2023-06-14T15:01:04Z
613233f2952e67a47f51db87,When They See Us: Teaser Promo,FALSE,2023-06-14T15:01:04Z
613233f2952e67a47f51db87,Django Unchained,FALSE,2023-06-14T15:01:04Z
61068e53a1ecfcf4d50b9219,Fight Club,TRUE,2023-06-14T15:01:51Z
61068e53a1ecfcf4d50b9219,Children of Men,TRUE,2023-06-14T15:01:58Z
61068e53a1ecfcf4d50b9219,Dune,TRUE,2023-06-14T15:01:58Z
61068e53a1ecfcf4d50b9219,American Pie,FALSE,2023-06-14T15:02:01Z
5e19e188913e52263e3b2d9d,13 Hours,TRUE,2023-06-14T15:02:01Z
61068e53a1ecfcf4d50b9219,White House Down,FALSE,2023-06-14T15:02:01Z
5e19e188913e52263e3b2d9d,The Hurt Locker,TRUE,2023-06-14T15:02:01Z
61068e53a1ecfcf4d50b9219,Dinner for Schmucks,FALSE,2023-06-14T15:02:01Z
5e19e188913e52263e3b2d9d,The Prestige,TRUE,2023-06-14T15:02:01Z
5e19e188913e52263e3b2d9d,Home Alone,FALSE,2023-06-14T15:02:01Z
5e19e188913e52263e3b2d9d,Fast & Furious 6,FALSE,2023-06-14T15:02:01Z
5e19e188913e52263e3b2d9d,The Naked Gun: From the Files of Police Squad!,FALSE,2023-06-14T15:02:01Z
60657335c3bd41f3fa18d2c4,The Da Vinci Code,TRUE,2023-06-14T15:02:17Z
60657335c3bd41f3fa18d2c4,Mamma Mia!,TRUE,2023-06-14T15:02:17Z
60657335c3bd41f3fa18d2c4,Batman Begins,TRUE,2023-06-14T15:02:17Z
60657335c3bd41f3fa18d2c4,The Wolf of Wall Street,FALSE,2023-06-14T15:02:17Z
60657335c3bd41f3fa18d2c4,Ted,FALSE,2023-06-14T15:02:17Z
60657335c3bd41f3fa18d2c4,Ted 2,FALSE,2023-06-14T15:02:17Z
5f2710df5d5c6c3f0fa9c2a7,Schindler's List,TRUE,2023-06-14T15:02:37Z
5f2710df5d5c6c3f0fa9c2a7,Hercules,TRUE,2023-06-14T15:02:37Z
5f2710df5d5c6c3f0fa9c2a7,Pride & Prejudice,TRUE,2023-06-14T15:02:37Z
5f2710df5d5c6c3f0fa9c2a7,After,FALSE,2023-06-14T15:02:37Z
5f2710df5d5c6c3f0fa9c2a7,American Pie,FALSE,2023-06-14T15:02:37Z
5f2710df5d5c6c3f0fa9c2a7,American Pie 2,FALSE,2023-06-14T15:02:37Z
5f7b241d63e1da06afec1b30,One Flew Over the Cuckoo's Nest,TRUE,2023-06-14T15:02:50Z
5f7b241d63e1da06afec1b30,Shutter Island,TRUE,2023-06-14T15:02:50Z
5f7b241d63e1da06afec1b30,The Shawshank Redemption,TRUE,2023-06-14T15:02:50Z
5f7b241d63e1da06afec1b30,Fast & Furious Presents: Hobbs & Shaw,FALSE,2023-06-14T15:02:50Z
5f7b241d63e1da06afec1b30,The Mummy Returns,FALSE,2023-06-14T15:02:50Z
5f7b241d63e1da06afec1b30,Journey to the Center of the Earth,FALSE,2023-06-14T15:02:50Z
613a5bc472553c6e7dd1395c,Catch Me If You Can,TRUE,2023-06-14T15:02:51Z
613a5bc472553c6e7dd1395c,Tangled,TRUE,2023-06-14T15:02:51Z
613a5bc472553c6e7dd1395c,Pride & Prejudice,TRUE,2023-06-14T15:02:51Z
613a5bc472553c6e7dd1395c,Friday the 13th,FALSE,2023-06-14T15:02:51Z
613a5bc472553c6e7dd1395c,Jack and Jill,FALSE,2023-06-14T15:02:51Z
613a5bc472553c6e7dd1395c,The Father,FALSE,2023-06-14T15:02:51Z
5e24e2abaedc2c76590bbace,Pulp Fiction,TRUE,2023-06-14T15:03:01Z
5e24e2abaedc2c76590bbace,"The Good, the Bad and the Ugly",TRUE,2023-06-14T15:03:03Z
5e24e2abaedc2c76590bbace,The Fisher King,TRUE,2023-06-14T15:03:03Z
5e24e2abaedc2c76590bbace,The Fast and the Furious,FALSE,2023-06-14T15:03:03Z
5e24e2abaedc2c76590bbace,Funny Games,FALSE,2023-06-14T15:03:03Z
5e24e2abaedc2c76590bbace,Freddy vs. Jason,FALSE,2023-06-14T15:03:03Z
5f28e10752b92a26587aed10,Mulan,TRUE,2023-06-14T15:03:18Z
5f28e10752b92a26587aed10,I Still Believe,TRUE,2023-06-14T15:03:18Z
5f28e10752b92a26587aed10,Top Gun 2: Back to Traffic School,TRUE,2023-06-14T15:03:18Z
5f28e10752b92a26587aed10,Like Water for Chocolate,FALSE,2023-06-14T15:03:18Z
5f28e10752b92a26587aed10,Bonheur d'occasion,FALSE,2023-06-14T15:03:18Z
5f28e10752b92a26587aed10,The Holy Grail,FALSE,2023-06-14T15:03:18Z
61070764aa95fd53ab16bc34,The Lure,TRUE,2023-06-14T15:04:53Z
61070764aa95fd53ab16bc34,Benny's Video,TRUE,2023-06-14T15:04:53Z
61070764aa95fd53ab16bc34,Cosmos,TRUE,2023-06-14T15:04:53Z
61070764aa95fd53ab16bc34,Superbad,FALSE,2023-06-14T15:04:53Z
61070764aa95fd53ab16bc34,Magic Mike,FALSE,2023-06-14T15:04:53Z
61070764aa95fd53ab16bc34,Cry-Baby,FALSE,2023-06-14T15:04:53Z
5ec2b0ff8838ba0b2829e7db,Avengers: Endgame,TRUE,2023-06-14T15:05:24Z
5ec2b0ff8838ba0b2829e7db,Venom,TRUE,2023-06-14T15:05:24Z
5ec2b0ff8838ba0b2829e7db,Shaft,TRUE,2023-06-14T15:05:24Z
5ec2b0ff8838ba0b2829e7db,Joker,FALSE,2023-06-14T15:05:24Z
5ec2b0ff8838ba0b2829e7db,Hulk,FALSE,2023-06-14T15:05:24Z
5ec2b0ff8838ba0b2829e7db,The Incredible Hulk,FALSE,2023-06-14T15:05:24Z
61325851c8a9eb311bc63c3d,Spider-Man: Into the Spider-Verse,TRUE,2023-06-14T15:05:26Z
61325851c8a9eb311bc63c3d,Bad Genius,TRUE,2023-06-14T15:05:26Z
61325851c8a9eb311bc63c3d,Your Name.,TRUE,2023-06-14T15:05:26Z
61325851c8a9eb311bc63c3d,Avatar,FALSE,2023-06-14T15:05:26Z
61325851c8a9eb311bc63c3d,Margaret Thatcher: The Iron Lady,FALSE,2023-06-14T15:05:26Z
61325851c8a9eb311bc63c3d,Harry Potter and the Deathly Hallows: Part 2,FALSE,2023-06-14T15:05:26Z
61758425384ddf2a6c75fc3b,Diary of a Mad Black Woman,TRUE,2023-06-14T15:05:40Z
61758425384ddf2a6c75fc3b,What Men Want,TRUE,2023-06-14T15:05:40Z
61758425384ddf2a6c75fc3b,What to Expect When You're Expecting,TRUE,2023-06-14T15:05:40Z
61758425384ddf2a6c75fc3b,To All the Boys I've Loved Before,FALSE,2023-06-14T15:05:40Z
61758425384ddf2a6c75fc3b,Evan Almighty,FALSE,2023-06-14T15:05:40Z
61758425384ddf2a6c75fc3b,Jumanji,FALSE,2023-06-14T15:05:40Z
615f85189f74d04c4a29c56b,San Andreas,TRUE,2023-06-14T15:07:22Z
615f85189f74d04c4a29c56b,The Wolf of Wall Street,TRUE,2023-06-14T15:07:22Z
615f85189f74d04c4a29c56b,The Fault in Our Stars,TRUE,2023-06-14T15:07:22Z
615f85189f74d04c4a29c56b,American Pie,FALSE,2023-06-14T15:07:22Z
615f85189f74d04c4a29c56b,Sausage Party,FALSE,2023-06-14T15:07:22Z
615f85189f74d04c4a29c56b,The Exorcist,FALSE,2023-06-14T15:07:22Z
5badf0aeae1d020001df2cc7,Once Upon a Time in America,TRUE,2023-06-14T15:10:27Z
5badf0aeae1d020001df2cc7,Corpus Christi,TRUE,2023-06-14T15:10:27Z
5badf0aeae1d020001df2cc7,Lucy,TRUE,2023-06-14T15:10:27Z
5badf0aeae1d020001df2cc7,Another Round,FALSE,2023-06-14T15:10:27Z
5badf0aeae1d020001df2cc7,Parasite,FALSE,2023-06-14T15:10:27Z
5badf0aeae1d020001df2cc7,Transformers: The Last Knight,FALSE,2023-06-14T15:10:27Z
613114f5f444d896a04594a1,A Nightmare on Elm Street,TRUE,2023-06-14T15:11:24Z
613114f5f444d896a04594a1,The Cryptic Tale of Beta Alpha Nu,TRUE,2023-06-14T15:11:24Z
613114f5f444d896a04594a1,Catch Me If You Can,TRUE,2023-06-14T15:11:24Z
613114f5f444d896a04594a1,You Get Me,FALSE,2023-06-14T15:11:24Z
613114f5f444d896a04594a1,What Women Want,FALSE,2023-06-14T15:11:24Z
613114f5f444d896a04594a1,The B-Side,FALSE,2023-06-14T15:11:24Z
5d66f23706e589000157e7ec,Forrest Gump,TRUE,2023-06-14T15:18:56Z
5d66f23706e589000157e7ec,The Silence of the Lambs,TRUE,2023-06-14T15:18:56Z
5d66f23706e589000157e7ec,Finding Nemo,TRUE,2023-06-14T15:18:56Z
5d66f23706e589000157e7ec,Skyline,FALSE,2023-06-14T15:18:56Z
5d66f23706e589000157e7ec,BlacKkKlansman,FALSE,2023-06-14T15:18:56Z
5d66f23706e589000157e7ec,Final Fantasy VII: Advent Children,FALSE,2023-06-14T15:18:56Z
610e7684d40489d9b91b5881,Captain Marvel,TRUE,2023-06-14T15:25:15Z
610e7684d40489d9b91b5881,Harry Potter and the Sorcerer's Stone,TRUE,2023-06-14T15:25:16Z
610e7684d40489d9b91b5881,Pirates of the Caribbean: The Curse of the Black Pearl,TRUE,2023-06-14T15:25:16Z
610e7684d40489d9b91b5881,The Mask,FALSE,2023-06-14T15:25:16Z
610e7684d40489d9b91b5881,Snake Eyes,FALSE,2023-06-14T15:25:16Z
610e7684d40489d9b91b5881,G.I. Joe: The Rise of Cobra,FALSE,2023-06-14T15:25:16Z
5f3dbd5e99a9be1da93d9039,Anchorman: The Legend of Ron Burgundy,TRUE,2023-06-15T09:38:38Z
5f3dbd5e99a9be1da93d9039,Anchorman 2: The Legend Continues,TRUE,2023-06-15T09:38:38Z
5f3dbd5e99a9be1da93d9039,Young Frankenstein,TRUE,2023-06-15T09:38:38Z
5f3dbd5e99a9be1da93d9039,The Matrix,FALSE,2023-06-15T09:38:38Z
5f3dbd5e99a9be1da93d9039,Harry Potter and the Sorcerer's Stone,FALSE,2023-06-15T09:38:38Z
5f3dbd5e99a9be1da93d9039,The Lord of the Rings: The Fellowship of the Ring,FALSE,2023-06-15T09:38:38Z
617139bdf6dbf9169a30ad3a,High and Low,TRUE,2023-06-15T09:38:40Z
617139bdf6dbf9169a30ad3a,Pierrot le Fou,TRUE,2023-06-15T09:38:40Z
617139bdf6dbf9169a30ad3a,The Father,TRUE,2023-06-15T09:38:40Z
617139bdf6dbf9169a30ad3a,Ant-Man,FALSE,2023-06-15T09:38:40Z
617139bdf6dbf9169a30ad3a,Step Brothers,FALSE,2023-06-15T09:38:40Z
617139bdf6dbf9169a30ad3a,Bad Boy Bubby,FALSE,2023-06-15T09:38:40Z
6413b18b8202c4f1302e0561,The Butterfly Effect,TRUE,2023-06-15T09:38:47Z
6413b18b8202c4f1302e0561,Beauty and the Beast,TRUE,2023-06-15T09:38:47Z
6413b18b8202c4f1302e0561,The Black Klansman,TRUE,2023-06-15T09:38:47Z
6413b18b8202c4f1302e0561,Sausage Party,FALSE,2023-06-15T09:38:48Z
6413b18b8202c4f1302e0561,The Simpsons Movie,FALSE,2023-06-15T09:38:48Z
6413b18b8202c4f1302e0561,Marley & Me,FALSE,2023-06-15T09:38:48Z
60a99bad6164fb6e0e10aa16,In-Lawfully Yours,TRUE,2023-06-15T09:39:06Z
60a99bad6164fb6e0e10aa16,The Secret Life of Bees,TRUE,2023-06-15T09:39:06Z
60a99bad6164fb6e0e10aa16,Tall Girl,TRUE,2023-06-15T09:39:07Z
60a99bad6164fb6e0e10aa16,The Stanford Prison Experiment,FALSE,2023-06-15T09:39:07Z
60a99bad6164fb6e0e10aa16,Kevin & Perry Go Large,FALSE,2023-06-15T09:39:07Z
60a99bad6164fb6e0e10aa16,Home Alone,FALSE,2023-06-15T09:39:07Z
63c169ece4f637ac694209e5,Back to the Future,TRUE,2023-06-15T09:39:10Z
63c169ece4f637ac694209e5,Pulp Fiction,TRUE,2023-06-15T09:39:10Z
63c169ece4f637ac694209e5,Tombstone,TRUE,2023-06-15T09:39:10Z
63c169ece4f637ac694209e5,Hear My Song,FALSE,2023-06-15T09:39:10Z
63c169ece4f637ac694209e5,The Sound of Music,FALSE,2023-06-15T09:39:10Z
63c169ece4f637ac694209e5,Love Actually,FALSE,2023-06-15T09:39:10Z
60b65ac40acb3a485dfa7912,2z Gang: Fifty Shades of Grey,TRUE,2023-06-15T09:39:37Z
60b65ac40acb3a485dfa7912,Think Like a Man,TRUE,2023-06-15T09:39:37Z
60b65ac40acb3a485dfa7912,Wrong Turn,TRUE,2023-06-15T09:39:37Z
60b65ac40acb3a485dfa7912,Iron Man,FALSE,2023-06-15T09:39:37Z
60b65ac40acb3a485dfa7912,Taken 2,FALSE,2023-06-15T09:39:37Z
60b65ac40acb3a485dfa7912,Love at First Fight,FALSE,2023-06-15T09:39:37Z
5ff797b72ac13349beac1906,Forrest Gump,TRUE,2023-06-15T09:40:23Z
5ff797b72ac13349beac1906,Inception,TRUE,2023-06-15T09:40:24Z
5ff797b72ac13349beac1906,Shrek,TRUE,2023-06-15T09:40:29Z
61645edbf8a9840feeb735b6,La haine,TRUE,2023-06-15T09:40:29Z
5ff797b72ac13349beac1906,Inside the 50 Shades: Real Women Confess,FALSE,2023-06-15T09:40:29Z
61645edbf8a9840feeb735b6,The Basketball Diaries,TRUE,2023-06-15T09:40:29Z
61645edbf8a9840feeb735b6,Scarface,TRUE,2023-06-15T09:40:29Z
5ff797b72ac13349beac1906,Death Note,FALSE,2023-06-15T09:40:29Z
61645edbf8a9840feeb735b6,Avengers: Endgame,FALSE,2023-06-15T09:40:29Z
5ff797b72ac13349beac1906,The Purge: Anarchy,FALSE,2023-06-15T09:40:29Z
61645edbf8a9840feeb735b6,The Avengers,FALSE,2023-06-15T09:40:29Z
61645edbf8a9840feeb735b6,Avengers: Infinity War,FALSE,2023-06-15T09:40:29Z
6481ab1f2ba9b393da2a51cb,The Lord of the Rings: The Fellowship of the Ring,TRUE,2023-06-15T09:40:42Z
6481ab1f2ba9b393da2a51cb,Harry Potter and the Sorcerer's Stone,TRUE,2023-06-15T09:40:42Z
6481ab1f2ba9b393da2a51cb,Star Wars: Episode IV - A New Hope,TRUE,2023-06-15T09:40:42Z
6481ab1f2ba9b393da2a51cb,Saw,FALSE,2023-06-15T09:40:42Z
6481ab1f2ba9b393da2a51cb,Fast & Furious Presents: Hobbs & Shaw,FALSE,2023-06-15T09:40:42Z
6481ab1f2ba9b393da2a51cb,San Andreas,FALSE,2023-06-15T09:40:42Z
60aa7a987296bc1d073bb815,Lilo & Stitch,TRUE,2023-06-15T09:40:59Z
60aa7a987296bc1d073bb815,Notting Hill,TRUE,2023-06-15T09:40:59Z
60aa7a987296bc1d073bb815,She's the Man,TRUE,2023-06-15T09:40:59Z
60aa7a987296bc1d073bb815,Manchester by the Sea,FALSE,2023-06-15T09:40:59Z
60aa7a987296bc1d073bb815,American Pie,FALSE,2023-06-15T09:40:59Z
60aa7a987296bc1d073bb815,Dumb and Dumber,FALSE,2023-06-15T09:40:59Z
5edeacd530f30b14dabe6a55,Harry Potter and the Goblet of Fire,TRUE,2023-06-15T09:41:35Z
5edeacd530f30b14dabe6a55,Rock of Ages,TRUE,2023-06-15T09:41:35Z
5edeacd530f30b14dabe6a55,Sucker Punch,TRUE,2023-06-15T09:41:35Z
5edeacd530f30b14dabe6a55,Watchmen,FALSE,2023-06-15T09:41:35Z
5edeacd530f30b14dabe6a55,I Am Legend,FALSE,2023-06-15T09:41:35Z
5edeacd530f30b14dabe6a55,21 Jump Street,FALSE,2023-06-15T09:41:35Z
61655c47cceb83c1cb0a51c8,Duck Soup,TRUE,2023-06-15T09:41:41Z
61655c47cceb83c1cb0a51c8,Throne of Blood,TRUE,2023-06-15T09:41:42Z
61655c47cceb83c1cb0a51c8,Stations of the Cross,TRUE,2023-06-15T09:41:44Z
6308b9ca03d2eaafb6222e33,Pretty Woman,TRUE,2023-06-15T09:41:44Z
61655c47cceb83c1cb0a51c8,Shazam!,FALSE,2023-06-15T09:41:44Z
6308b9ca03d2eaafb6222e33,Dirty Dancing,TRUE,2023-06-15T09:41:44Z
6308b9ca03d2eaafb6222e33,Notting Hill,TRUE,2023-06-15T09:41:44Z
6308b9ca03d2eaafb6222e33,The Exorcist,FALSE,2023-06-15T09:41:44Z
6308b9ca03d2eaafb6222e33,A Nightmare on Elm Street,FALSE,2023-06-15T09:41:44Z
6308b9ca03d2eaafb6222e33,Alien,FALSE,2023-06-15T09:41:44Z
61655c47cceb83c1cb0a51c8,The Poughkeepsie Tapes,FALSE,2023-06-15T09:41:44Z
61655c47cceb83c1cb0a51c8,Splice,FALSE,2023-06-15T09:41:44Z
6165d25922529904e5d7267d,Treasure Planet,TRUE,2023-06-15T09:41:51Z
6165d25922529904e5d7267d,Forrest Gump,TRUE,2023-06-15T09:41:54Z
6165d25922529904e5d7267d,Bridesmaids,TRUE,2023-06-15T09:41:54Z
6165d25922529904e5d7267d,Fifty Shades of Grey,FALSE,2023-06-15T09:41:54Z
6165d25922529904e5d7267d,John Wick,FALSE,2023-06-15T09:41:54Z
6165d25922529904e5d7267d,Half Past Dead,FALSE,2023-06-15T09:41:54Z
60dcb953677e49a70004a4da,The First Time,TRUE,2023-06-15T09:42:06Z
60dcb953677e49a70004a4da,Twilight,TRUE,2023-06-15T09:42:06Z
60dcb953677e49a70004a4da,Den of Thieves,TRUE,2023-06-15T09:42:06Z
60dcb953677e49a70004a4da,All My Life,FALSE,2023-06-15T09:42:06Z
60dcb953677e49a70004a4da,Aka Ana,FALSE,2023-06-15T09:42:06Z
60dcb953677e49a70004a4da,The Players,FALSE,2023-06-15T09:42:06Z
5fdebabfb5d1fc684adaa1f9,The Shawshank Redemption,TRUE,2023-06-15T09:42:16Z
5fdebabfb5d1fc684adaa1f9,There Will Be Blood,TRUE,2023-06-15T09:42:16Z
5fdebabfb5d1fc684adaa1f9,Life Is Beautiful,TRUE,2023-06-15T09:42:16Z
5fdebabfb5d1fc684adaa1f9,Inferno,FALSE,2023-06-15T09:42:16Z
5fdebabfb5d1fc684adaa1f9,American Sniper,FALSE,2023-06-15T09:42:16Z
5fdebabfb5d1fc684adaa1f9,The Revenant,FALSE,2023-06-15T09:42:16Z
5c9ea0af12505500168d1bb4,Eyes Wide Shut,TRUE,2023-06-15T09:43:12Z
60ca0ede47ac1639f3dce54d,Jumanji,TRUE,2023-06-15T09:43:12Z
60ca0ede47ac1639f3dce54d,Harry Potter and the Goblet of Fire,TRUE,2023-06-15T09:43:12Z
5c9ea0af12505500168d1bb4,Blade Runner 2049,TRUE,2023-06-15T09:43:12Z
60ca0ede47ac1639f3dce54d,13 Going on 30,TRUE,2023-06-15T09:43:12Z
60ca0ede47ac1639f3dce54d,The F**k-It List,FALSE,2023-06-15T09:43:12Z
5c9ea0af12505500168d1bb4,Her,TRUE,2023-06-15T09:43:12Z
60ca0ede47ac1639f3dce54d,French Fried Vacation,FALSE,2023-06-15T09:43:12Z
60ca0ede47ac1639f3dce54d,Pinocchio,FALSE,2023-06-15T09:43:12Z
5c9ea0af12505500168d1bb4,Godzilla: King of the Monsters - Godzilla 2.0,FALSE,2023-06-15T09:43:12Z
5c9ea0af12505500168d1bb4,Coming out,FALSE,2023-06-15T09:43:12Z
5c9ea0af12505500168d1bb4,BÚÉK,FALSE,2023-06-15T09:43:12Z
5e1395dd7832259dc9ee9ea3,The Dark Knight,TRUE,2023-06-15T09:43:18Z
5e1395dd7832259dc9ee9ea3,Spider-Man: Into the Spider-Verse,TRUE,2023-06-15T09:43:18Z
5e1395dd7832259dc9ee9ea3,About Time,TRUE,2023-06-15T09:43:18Z
5e1395dd7832259dc9ee9ea3,Ocean's Eight,FALSE,2023-06-15T09:43:18Z
5e1395dd7832259dc9ee9ea3,Men in Black: International,FALSE,2023-06-15T09:43:18Z
5e1395dd7832259dc9ee9ea3,The Kissing Booth 2,FALSE,2023-06-15T09:43:18Z
6170156ad4205a936a1a4773,The Fast and the Furious: Tokyo Drift,TRUE,2023-06-15T09:43:50Z
6170156ad4205a936a1a4773,Imagine That,TRUE,2023-06-15T09:43:52Z
6170156ad4205a936a1a4773,Mad Max: Fury Road,TRUE,2023-06-15T09:43:53Z
6170156ad4205a936a1a4773,Rambo: Last Blood,FALSE,2023-06-15T09:43:55Z
6170156ad4205a936a1a4773,Toy Story 3,FALSE,2023-06-15T09:43:55Z
6170156ad4205a936a1a4773,Over the Hedge,FALSE,2023-06-15T09:43:55Z
6037fae7e8d8bd145110a1b0,Harry Potter and the Sorcerer's Stone,TRUE,2023-06-15T09:44:21Z
6037fae7e8d8bd145110a1b0,Toy Story,TRUE,2023-06-15T09:44:21Z
6037fae7e8d8bd145110a1b0,Parasite,TRUE,2023-06-15T09:44:21Z
6037fae7e8d8bd145110a1b0,Twilight,FALSE,2023-06-15T09:44:21Z
6037fae7e8d8bd145110a1b0,Jurassic Park III,FALSE,2023-06-15T09:44:21Z
6037fae7e8d8bd145110a1b0,Resident Evil: Retribution,FALSE,2023-06-15T09:44:21Z
603a63b26ba69e63c3ea1685,Shrek 2,TRUE,2023-06-15T09:44:23Z
603a63b26ba69e63c3ea1685,Eternal Sunshine of the Spotless Mind,TRUE,2023-06-15T09:44:26Z
603a63b26ba69e63c3ea1685,Only Lovers Left Alive,TRUE,2023-06-15T09:44:26Z
603a63b26ba69e63c3ea1685,Botoks,FALSE,2023-06-15T09:44:26Z
603a63b26ba69e63c3ea1685,Doctor Strange,FALSE,2023-06-15T09:44:26Z
603a63b26ba69e63c3ea1685,Shark Tale,FALSE,2023-06-15T09:44:26Z
60c9c12dd3f1aba0a0ff9949,There's Something About Mary,TRUE,2023-06-15T09:45:29Z
60c9c12dd3f1aba0a0ff9949,"Lock, Stock and Two Smoking Barrels",TRUE,2023-06-15T09:45:29Z
60c9c12dd3f1aba0a0ff9949,The Matrix,TRUE,2023-06-15T09:45:29Z
60c9c12dd3f1aba0a0ff9949,George of the Jungle 2,FALSE,2023-06-15T09:45:29Z
60c9c12dd3f1aba0a0ff9949,9 Songs,FALSE,2023-06-15T09:45:29Z
60c9c12dd3f1aba0a0ff9949,The Perfect Host: A Southern Gothic Tale,FALSE,2023-06-15T09:45:29Z
615450324eb5dccc17f1bc91,Anabelle,TRUE,2023-06-15T09:53:48Z
615450324eb5dccc17f1bc91,Wrong Turn,TRUE,2023-06-15T09:53:50Z
615450324eb5dccc17f1bc91,Mission: Impossible - Ghost Protocol,TRUE,2023-06-15T09:53:50Z
615450324eb5dccc17f1bc91,The Last Black Man in San Francisco,FALSE,2023-06-15T09:53:50Z
615450324eb5dccc17f1bc91,He's Just Not That Into You,FALSE,2023-06-15T09:53:50Z
615450324eb5dccc17f1bc91,Jan Palach,FALSE,2023-06-15T09:53:52Z
5a09f01f9b760100013a70ee,Blade Runner,TRUE,2023-06-15T10:11:11Z
5a09f01f9b760100013a70ee,Heat,TRUE,2023-06-15T10:12:58Z
5a09f01f9b760100013a70ee,The Blair Witch Project,TRUE,2023-06-15T10:12:58Z
5a09f01f9b760100013a70ee,Step Brothers,FALSE,2023-06-15T10:12:58Z
5a09f01f9b760100013a70ee,Snakes on a Plane,FALSE,2023-06-15T10:12:58Z
5a09f01f9b760100013a70ee,The Passion of the Christ,FALSE,2023-06-15T10:12:58Z
614e848825ae648282115670,Life Is Beautiful,TRUE,2023-06-15T10:13:15Z
614e848825ae648282115670,A Beautiful Mind,TRUE,2023-06-15T10:13:16Z
614e848825ae648282115670,The Miracle,TRUE,2023-06-15T10:13:16Z
614e848825ae648282115670,P.S. I Love You,FALSE,2023-06-15T10:13:16Z
614e848825ae648282115670,Little Women,FALSE,2023-06-15T10:13:16Z
614e848825ae648282115670,Les Misérables,FALSE,2023-06-15T10:13:16Z
6153c066a975a05a27fdc36f,The Amazing Spider-Man 2,TRUE,2023-06-15T10:14:21Z
6153c066a975a05a27fdc36f,Blue Lagoon: The Awakening,TRUE,2023-06-15T10:14:21Z
6153c066a975a05a27fdc36f,The Boy Next Door,TRUE,2023-06-15T10:14:21Z
6153c066a975a05a27fdc36f,Diplomacy,FALSE,2023-06-15T10:14:21Z
6153c066a975a05a27fdc36f,Once There Was a Tiger,FALSE,2023-06-15T10:14:21Z
6153c066a975a05a27fdc36f,Jerry Before Seinfeld,FALSE,2023-06-15T10:14:21Z
